Workbook

Sheet DomainOps
A1: domain | B1: operation | C1: domain_op_key | D1: is_supported | E1: source_url
A2: calendar | B2: count | C2: =A2&"|"&B2 | D2: =IF(AND(A2<>"",B2<>""),1,0) | E2: file:///Users/sagalilja/Library/Mobile%20Documents/com~apple~CloudDocs/Helper/backend/docs/domain_operation_table.csv
A3: calendar | B3: list | C3: =A3&"|"&B3 | D3: =IF(AND(A3<>"",B3<>""),1,0) | E3: file:///Users/sagalilja/Library/Mobile%20Documents/com~apple~CloudDocs/Helper/backend/docs/domain_operation_table.csv
A4: calendar | B4: exists | C4: =A4&"|"&B4 | D4: =IF(AND(A4<>"",B4<>""),1,0) | E4: file:///Users/sagalilja/Library/Mobile%20Documents/com~apple~CloudDocs/Helper/backend/docs/domain_operation_table.csv
A5: calendar | B5: sum | C5: =A5&"|"&B5 | D5: =IF(AND(A5<>"",B5<>""),1,0) | E5: file:///Users/sagalilja/Library/Mobile%20Documents/com~apple~CloudDocs/Helper/backend/docs/domain_operation_table.csv
A6: calendar | B6: latest | C6: =A6&"|"&B6 | D6: =IF(AND(A6<>"",B6<>""),1,0) | E6: file:///Users/sagalilja/Library/Mobile%20Documents/com~apple~CloudDocs/Helper/backend/docs/domain_operation_table.csv
A7: reminders | B7: count | C7: =A7&"|"&B7 | D7: =IF(AND(A7<>"",B7<>""),1,0) | E7: file:///Users/sagalilja/Library/Mobile%20Documents/com~apple~CloudDocs/Helper/backend/docs/domain_operation_table.csv
A8: reminders | B8: list | C8: =A8&"|"&B8 | D8: =IF(AND(A8<>"",B8<>""),1,0) | E8: file:///Users/sagalilja/Library/Mobile%20Documents/com~apple~CloudDocs/Helper/backend/docs/domain_operation_table.csv
A9: reminders | B9: exists | C9: =A9&"|"&B9 | D9: =IF(AND(A9<>"",B9<>""),1,0) | E9: file:///Users/sagalilja/Library/Mobile%20Documents/com~apple~CloudDocs/Helper/backend/docs/domain_operation_table.csv
A10: reminders | B10: sum | C10: =A10&"|"&B10 | D10: =IF(AND(A10<>"",B10<>""),1,0) | E10: file:///Users/sagalilja/Library/Mobile%20Documents/com~apple~CloudDocs/Helper/backend/docs/domain_operation_table.csv
A11: reminders | B11: latest | C11: =A11&"|"&B11 | D11: =IF(AND(A11<>"",B11<>""),1,0) | E11: file:///Users/sagalilja/Library/Mobile%20Documents/com~apple~CloudDocs/Helper/backend/docs/domain_operation_table.csv
A12: mail | B12: count | C12: =A12&"|"&B12 | D12: =IF(AND(A12<>"",B12<>""),1,0) | E12: file:///Users/sagalilja/Library/Mobile%20Documents/com~apple~CloudDocs/Helper/backend/docs/domain_operation_table.csv
A13: mail | B13: list | C13: =A13&"|"&B13 | D13: =IF(AND(A13<>"",B13<>""),1,0) | E13: file:///Users/sagalilja/Library/Mobile%20Documents/com~apple~CloudDocs/Helper/backend/docs/domain_operation_table.csv
... A46: memory | B46: latest | C46: =A46&"|"&B46 | D46: =IF(AND(A46<>"",B46<>""),1,0) | E46: file:///Users/sagalilja/Library/Mobile%20Documents/com~apple~CloudDocs/Helper/backend/docs/domain_operation_table.csv

Sheet IntentCombinations
A1: domain | B1: operation | C1: time_type | D1: time_value | E1: mode | F1: filters | G1: combo_key | H1: is_all | I1: is_relative | J1: row_valid | K1: duplicate_count | L1: has_duplicate | M1: source_url
A2: calendar | B2: count | C2: all | E2: info | F2: {} | G2: =A2&"|"&B2&"|"&C2&"|"&IF(D2="","(none)",D2) | H2: =--(C2="all") | I2: =--(C2="relative") | J2: =IF(AND(A2<>"",B2<>"",C2<>""),1,0) | K2: =COUNTIF($G$2:$G$496,G2) | L2: =IF(K2>1,1,0) | M2: file:///Users/sagalilja/Library/Mobile%20Documents/com~apple~CloudDocs/Helper/backend/backend/docs/intent_combinations.csv
A3: calendar | B3: count | C3: relative | D3: today | E3: info | F3: {} | G3: =A3&"|"&B3&"|"&C3&"|"&IF(D3="","(none)",D3) | H3: =--(C3="all") | I3: =--(C3="relative") | J3: =IF(AND(A3<>"",B3<>"",C3<>""),1,0) | K3: =COUNTIF($G$2:$G$496,G3) | L3: =IF(K3>1,1,0) | M3: file:///Users/sagalilja/Library/Mobile%20Documents/com~apple~CloudDocs/Helper/backend/backend/docs/intent_combinations.csv
A4: calendar | B4: count | C4: relative | D4: today_morning | E4: info | F4: {} | G4: =A4&"|"&B4&"|"&C4&"|"&IF(D4="","(none)",D4) | H4: =--(C4="all") | I4: =--(C4="relative") | J4: =IF(AND(A4<>"",B4<>"",C4<>""),1,0) | K4: =COUNTIF($G$2:$G$496,G4) | L4: =IF(K4>1,1,0) | M4: file:///Users/sagalilja/Library/Mobile%20Documents/com~apple~CloudDocs/Helper/backend/backend/docs/intent_combinations.csv
A5: calendar | B5: count | C5: relative | D5: today_day | E5: info | F5: {} | G5: =A5&"|"&B5&"|"&C5&"|"&IF(D5="","(none)",D5) | H5: =--(C5="all") | I5: =--(C5="relative") | J5: =IF(AND(A5<>"",B5<>"",C5<>""),1,0) | K5: =COUNTIF($G$2:$G$496,G5) | L5: =IF(K5>1,1,0) | M5: file:///Users/sagalilja/Library/Mobile%20Documents/com~apple~CloudDocs/Helper/backend/backend/docs/intent_combinations.csv
A6: calendar | B6: count | C6: relative | D6: today_afternoon | E6: info | F6: {} | G6: =A6&"|"&B6&"|"&C6&"|"&IF(D6="","(none)",D6) | H6: =--(C6="all") | I6: =--(C6="relative") | J6: =IF(AND(A6<>"",B6<>"",C6<>""),1,0) | K6: =COUNTIF($G$2:$G$496,G6) | L6: =IF(K6>1,1,0) | M6: file:///Users/sagalilja/Library/Mobile%20Documents/com~apple~CloudDocs/Helper/backend/backend/docs/intent_combinations.csv
A7: calendar | B7: count | C7: relative | D7: today_evening | E7: info | F7: {} | G7: =A7&"|"&B7&"|"&C7&"|"&IF(D7="","(none)",D7) | H7: =--(C7="all") | I7: =--(C7="relative") | J7: =IF(AND(A7<>"",B7<>"",C7<>""),1,0) | K7: =COUNTIF($G$2:$G$496,G7) | L7: =IF(K7>1,1,0) | M7: file:///Users/sagalilja/Library/Mobile%20Documents/com~apple~CloudDocs/Helper/backend/backend/docs/intent_combinations.csv
A8: calendar | B8: count | C8: relative | D8: tomorrow_morning | E8: info | F8: {} | G8: =A8&"|"&B8&"|"&C8&"|"&IF(D8="","(none)",D8) | H8: =--(C8="all") | I8: =--(C8="relative") | J8: =IF(AND(A8<>"",B8<>"",C8<>""),1,0) | K8: =COUNTIF($G$2:$G$496,G8) | L8: =IF(K8>1,1,0) | M8: file:///Users/sagalilja/Library/Mobile%20Documents/com~apple~CloudDocs/Helper/backend/backend/docs/intent_combinations.csv
A9: calendar | B9: count | C9: relative | D9: 7d | E9: info | F9: {} | G9: =A9&"|"&B9&"|"&C9&"|"&IF(D9="","(none)",D9) | H9: =--(C9="all") | I9: =--(C9="relative") | J9: =IF(AND(A9<>"",B9<>"",C9<>""),1,0) | K9: =COUNTIF($G$2:$G$496,G9) | L9: =IF(K9>1,1,0) | M9: file:///Users/sagalilja/Library/Mobile%20Documents/com~apple~CloudDocs/Helper/backend/backend/docs/intent_combinations.csv
A10: calendar | B10: count | C10: relative | D10: 30d | E10: info | F10: {} | G10: =A10&"|"&B10&"|"&C10&"|"&IF(D10="","(none)",D10) | H10: =--(C10="all") | I10: =--(C10="relative") | J10: =IF(AND(A10<>"",B10<>"",C10<>""),1,0) | K10: =COUNTIF($G$2:$G$496,G10) | L10: =IF(K10>1,1,0) | M10: file:///Users/sagalilja/Library/Mobile%20Documents/com~apple~CloudDocs/Helper/backend/backend/docs/intent_combinations.csv
A11: calendar | B11: count | C11: relative | D11: 3m | E11: info | F11: {} | G11: =A11&"|"&B11&"|"&C11&"|"&IF(D11="","(none)",D11) | H11: =--(C11="all") | I11: =--(C11="relative") | J11: =IF(AND(A11<>"",B11<>"",C11<>""),1,0) | K11: =COUNTIF($G$2:$G$496,G11) | L11: =IF(K11>1,1,0) | M11: file:///Users/sagalilja/Library/Mobile%20Documents/com~apple~CloudDocs/Helper/backend/backend/docs/intent_combinations.csv
A12: calendar | B12: count | C12: relative | D12: 1y | E12: info | F12: {} | G12: =A12&"|"&B12&"|"&C12&"|"&IF(D12="","(none)",D12) | H12: =--(C12="all") | I12: =--(C12="relative") | J12: =IF(AND(A12<>"",B12<>"",C12<>""),1,0) | K12: =COUNTIF($G$2:$G$496,G12) | L12: =IF(K12>1,1,0) | M12: file:///Users/sagalilja/Library/Mobile%20Documents/com~apple~CloudDocs/Helper/backend/backend/docs/intent_combinations.csv
A13: calendar | B13: list | C13: all | E13: info | F13: {} | G13: =A13&"|"&B13&"|"&C13&"|"&IF(D13="","(none)",D13) | H13: =--(C13="all") | I13: =--(C13="relative") | J13: =IF(AND(A13<>"",B13<>"",C13<>""),1,0) | K13: =COUNTIF($G$2:$G$496,G13) | L13: =IF(K13>1,1,0) | M13: file:///Users/sagalilja/Library/Mobile%20Documents/com~apple~CloudDocs/Helper/backend/backend/docs/intent_combinations.csv
A14: calendar | B14: list | C14: relative | D14: today | E14: info | F14: {} | G14: =A14&"|"&B14&"|"&C14&"|"&IF(D14="","(none)",D14) | H14: =--(C14="all") | I14: =--(C14="relative") | J14: =IF(AND(A14<>"",B14<>"",C14<>""),1,0) | K14: =COUNTIF($G$2:$G$496,G14) | L14: =IF(K14>1,1,0) | M14: file:///Users/sagalilja/Library/Mobile%20Documents/com~apple~CloudDocs/Helper/backend/backend/docs/intent_combinations.csv
A15: calendar | B15: list | C15: relative | D15: today_morning | E15: info | F15: {} | G15: =A15&"|"&B15&"|"&C15&"|"&IF(D15="","(none)",D15) | H15: =--(C15="all") | I15: =--(C15="relative") | J15: =IF(AND(A15<>"",B15<>"",C15<>""),1,0) | K15: =COUNTIF($G$2:$G$496,G15) | L15: =IF(K15>1,1,0) | M15: file:///Users/sagalilja/Library/Mobile%20Documents/com~apple~CloudDocs/Helper/backend/backend/docs/intent_combinations.csv
A16: calendar | B16: list | C16: relative | D16: today_day | E16: info | F16: {} | G16: =A16&"|"&B16&"|"&C16&"|"&IF(D16="","(none)",D16) | H16: =--(C16="all") | I16: =--(C16="relative") | J16: =IF(AND(A16<>"",B16<>"",C16<>""),1,0) | K16: =COUNTIF($G$2:$G$496,G16) | L16: =IF(K16>1,1,0) | M16: file:///Users/sagalilja/Library/Mobile%20Documents/com~apple~CloudDocs/Helper/backend/backend/docs/intent_combinations.csv
A17: calendar | B17: list | C17: relative | D17: today_afternoon | E17: info | F17: {} | G17: =A17&"|"&B17&"|"&C17&"|"&IF(D17="","(none)",D17) | H17: =--(C17="all") | I17: =--(C17="relative") | J17: =IF(AND(A17<>"",B17<>"",C17<>""),1,0) | K17: =COUNTIF($G$2:$G$496,G17) | L17: =IF(K17>1,1,0) | M17: file:///Users/sagalilja/Library/Mobile%20Documents/com~apple~CloudDocs/Helper/backend/backend/docs/intent_combinations.csv
A18: calendar | B18: list | C18: relative | D18: today_evening | E18: info | F18: {} | G18: =A18&"|"&B18&"|"&C18&"|"&IF(D18="","(none)",D18) | H18: =--(C18="all") | I18: =--(C18="relative") | J18: =IF(AND(A18<>"",B18<>"",C18<>""),1,0) | K18: =COUNTIF($G$2:$G$496,G18) | L18: =IF(K18>1,1,0) | M18: file:///Users/sagalilja/Library/Mobile%20Documents/com~apple~CloudDocs/Helper/backend/backend/docs/intent_combinations.csv
A19: calendar | B19: list | C19: relative | D19: tomorrow_morning | E19: info | F19: {} | G19: =A19&"|"&B19&"|"&C19&"|"&IF(D19="","(none)",D19) | H19: =--(C19="all") | I19: =--(C19="relative") | J19: =IF(AND(A19<>"",B19<>"",C19<>""),1,0) | K19: =COUNTIF($G$2:$G$496,G19) | L19: =IF(K19>1,1,0) | M19: file:///Users/sagalilja/Library/Mobile%20Documents/com~apple~CloudDocs/Helper/backend/backend/docs/intent_combinations.csv
A20: calendar | B20: list | C20: relative | D20: 7d | E20: info | F20: {} | G20: =A20&"|"&B20&"|"&C20&"|"&IF(D20="","(none)",D20) | H20: =--(C20="all") | I20: =--(C20="relative") | J20: =IF(AND(A20<>"",B20<>"",C20<>""),1,0) | K20: =COUNTIF($G$2:$G$496,G20) | L20: =IF(K20>1,1,0) | M20: file:///Users/sagalilja/Library/Mobile%20Documents/com~apple~CloudDocs/Helper/backend/backend/docs/intent_combinations.csv
A21: calendar | B21: list | C21: relative | D21: 30d | E21: info | F21: {} | G21: =A21&"|"&B21&"|"&C21&"|"&IF(D21="","(none)",D21) | H21: =--(C21="all") | I21: =--(C21="relative") | J21: =IF(AND(A21<>"",B21<>"",C21<>""),1,0) | K21: =COUNTIF($G$2:$G$496,G21) | L21: =IF(K21>1,1,0) | M21: file:///Users/sagalilja/Library/Mobile%20Documents/com~apple~CloudDocs/Helper/backend/backend/docs/intent_combinations.csv
A22: calendar | B22: list | C22: relative | D22: 3m | E22: info | F22: {} | G22: =A22&"|"&B22&"|"&C22&"|"&IF(D22="","(none)",D22) | H22: =--(C22="all") | I22: =--(C22="relative") | J22: =IF(AND(A22<>"",B22<>"",C22<>""),1,0) | K22: =COUNTIF($G$2:$G$496,G22) | L22: =IF(K22>1,1,0) | M22: file:///Users/sagalilja/Library/Mobile%20Documents/com~apple~CloudDocs/Helper/backend/backend/docs/intent_combinations.csv
A23: calendar | B23: list | C23: relative | D23: 1y | E23: info | F23: {} | G23: =A23&"|"&B23&"|"&C23&"|"&IF(D23="","(none)",D23) | H23: =--(C23="all") | I23: =--(C23="relative") | J23: =IF(AND(A23<>"",B23<>"",C23<>""),1,0) | K23: =COUNTIF($G$2:$G$496,G23) | L23: =IF(K23>1,1,0) | M23: file:///Users/sagalilja/Library/Mobile%20Documents/com~apple~CloudDocs/Helper/backend/backend/docs/intent_combinations.csv
A24: calendar | B24: exists | C24: all | E24: info | F24: {} | G24: =A24&"|"&B24&"|"&C24&"|"&IF(D24="","(none)",D24) | H24: =--(C24="all") | I24: =--(C24="relative") | J24: =IF(AND(A24<>"",B24<>"",C24<>""),1,0) | K24: =COUNTIF($G$2:$G$496,G24) | L24: =IF(K24>1,1,0) | M24: file:///Users/sagalilja/Library/Mobile%20Documents/com~apple~CloudDocs/Helper/backend/backend/docs/intent_combinations.csv
A25: calendar | B25: exists | C25: relative | D25: today | E25: info | F25: {} | G25: =A25&"|"&B25&"|"&C25&"|"&IF(D25="","(none)",D25) | H25: =--(C25="all") | I25: =--(C25="relative") | J25: =IF(AND(A25<>"",B25<>"",C25<>""),1,0) | K25: =COUNTIF($G$2:$G$496,G25) | L25: =IF(K25>1,1,0) | M25: file:///Users/sagalilja/Library/Mobile%20Documents/com~apple~CloudDocs/Helper/backend/backend/docs/intent_combinations.csv
A26: calendar | B26: exists | C26: relative | D26: today_morning | E26: info | F26: {} | G26: =A26&"|"&B26&"|"&C26&"|"&IF(D26="","(none)",D26) | H26: =--(C26="all") | I26: =--(C26="relative") | J26: =IF(AND(A26<>"",B26<>"",C26<>""),1,0) | K26: =COUNTIF($G$2:$G$496,G26) | L26: =IF(K26>1,1,0) | M26: file:///Users/sagalilja/Library/Mobile%20Documents/com~apple~CloudDocs/Helper/backend/backend/docs/intent_combinations.csv
A27: calendar | B27: exists | C27: relative | D27: today_day | E27: info | F27: {} | G27: =A27&"|"&B27&"|"&C27&"|"&IF(D27="","(none)",D27) | H27: =--(C27="all") | I27: =--(C27="relative") | J27: =IF(AND(A27<>"",B27<>"",C27<>""),1,0) | K27: =COUNTIF($G$2:$G$496,G27) | L27: =IF(K27>1,1,0) | M27: file:///Users/sagalilja/Library/Mobile%20Documents/com~apple~CloudDocs/Helper/backend/backend/docs/intent_combinations.csv
A28: calendar | B28: exists | C28: relative | D28: today_afternoon | E28: info | F28: {} | G28: =A28&"|"&B28&"|"&C28&"|"&IF(D28="","(none)",D28) | H28: =--(C28="all") | I28: =--(C28="relative") | J28: =IF(AND(A28<>"",B28<>"",C28<>""),1,0) | K28: =COUNTIF($G$2:$G$496,G28) | L28: =IF(K28>1,1,0) | M28: file:///Users/sagalilja/Library/Mobile%20Documents/com~apple~CloudDocs/Helper/backend/backend/docs/intent_combinations.csv
A29: calendar | B29: exists | C29: relative | D29: today_evening | E29: info | F29: {} | G29: =A29&"|"&B29&"|"&C29&"|"&IF(D29="","(none)",D29) | H29: =--(C29="all") | I29: =--(C29="relative") | J29: =IF(AND(A29<>"",B29<>"",C29<>""),1,0) | K29: =COUNTIF($G$2:$G$496,G29) | L29: =IF(K29>1,1,0) | M29: file:///Users/sagalilja/Library/Mobile%20Documents/com~apple~CloudDocs/Helper/backend/backend/docs/intent_combinations.csv
A30: calendar | B30: exists | C30: relative | D30: tomorrow_morning | E30: info | F30: {} | G30: =A30&"|"&B30&"|"&C30&"|"&IF(D30="","(none)",D30) | H30: =--(C30="all") | I30: =--(C30="relative") | J30: =IF(AND(A30<>"",B30<>"",C30<>""),1,0) | K30: =COUNTIF($G$2:$G$496,G30) | L30: =IF(K30>1,1,0) | M30: file:///Users/sagalilja/Library/Mobile%20Documents/com~apple~CloudDocs/Helper/backend/backend/docs/intent_combinations.csv
A31: calendar | B31: exists | C31: relative | D31: 7d | E31: info | F31: {} | G31: =A31&"|"&B31&"|"&C31&"|"&IF(D31="","(none)",D31) | H31: =--(C31="all") | I31: =--(C31="relative") | J31: =IF(AND(A31<>"",B31<>"",C31<>""),1,0) | K31: =COUNTIF($G$2:$G$496,G31) | L31: =IF(K31>1,1,0) | M31: file:///Users/sagalilja/Library/Mobile%20Documents/com~apple~CloudDocs/Helper/backend/backend/docs/intent_combinations.csv
A32: calendar | B32: exists | C32: relative | D32: 30d | E32: info | F32: {} | G32: =A32&"|"&B32&"|"&C32&"|"&IF(D32="","(none)",D32) | H32: =--(C32="all") | I32: =--(C32="relative") | J32: =IF(AND(A32<>"",B32<>"",C32<>""),1,0) | K32: =COUNTIF($G$2:$G$496,G32) | L32: =IF(K32>1,1,0) | M32: file:///Users/sagalilja/Library/Mobile%20Documents/com~apple~CloudDocs/Helper/backend/backend/docs/intent_combinations.csv
A33: calendar | B33: exists | C33: relative | D33: 3m | E33: info | F33: {} | G33: =A33&"|"&B33&"|"&C33&"|"&IF(D33="","(none)",D33) | H33: =--(C33="all") | I33: =--(C33="relative") | J33: =IF(AND(A33<>"",B33<>"",C33<>""),1,0) | K33: =COUNTIF($G$2:$G$496,G33) | L33: =IF(K33>1,1,0) | M33: file:///Users/sagalilja/Library/Mobile%20Documents/com~apple~CloudDocs/Helper/backend/backend/docs/intent_combinations.csv
A34: calendar | B34: exists | C34: relative | D34: 1y | E34: info | F34: {} | G34: =A34&"|"&B34&"|"&C34&"|"&IF(D34="","(none)",D34) | H34: =--(C34="all") | I34: =--(C34="relative") | J34: =IF(AND(A34<>"",B34<>"",C34<>""),1,0) | K34: =COUNTIF($G$2:$G$496,G34) | L34: =IF(K34>1,1,0) | M34: file:///Users/sagalilja/Library/Mobile%20Documents/com~apple~CloudDocs/Helper/backend/backend/docs/intent_combinations.csv
A35: calendar | B35: sum | C35: all | E35: info | F35: {} | G35: =A35&"|"&B35&"|"&C35&"|"&IF(D35="","(none)",D35) | H35: =--(C35="all") | I35: =--(C35="relative") | J35: =IF(AND(A35<>"",B35<>"",C35<>""),1,0) | K35: =COUNTIF($G$2:$G$496,G35) | L35: =IF(K35>1,1,0) | M35: file:///Users/sagalilja/Library/Mobile%20Documents/com~apple~CloudDocs/Helper/backend/backend/docs/intent_combinations.csv
A36: calendar | B36: sum | C36: relative | D36: today | E36: info | F36: {} | G36: =A36&"|"&B36&"|"&C36&"|"&IF(D36="","(none)",D36) | H36: =--(C36="all") | I36: =--(C36="relative") | J36: =IF(AND(A36<>"",B36<>"",C36<>""),1,0) | K36: =COUNTIF($G$2:$G$496,G36) | L36: =IF(K36>1,1,0) | M36: file:///Users/sagalilja/Library/Mobile%20Documents/com~apple~CloudDocs/Helper/backend/backend/docs/intent_combinations.csv
A37: calendar | B37: sum | C37: relative | D37: today_morning | E37: info | F37: {} | G37: =A37&"|"&B37&"|"&C37&"|"&IF(D37="","(none)",D37) | H37: =--(C37="all") | I37: =--(C37="relative") | J37: =IF(AND(A37<>"",B37<>"",C37<>""),1,0) | K37: =COUNTIF($G$2:$G$496,G37) | L37: =IF(K37>1,1,0) | M37: file:///Users/sagalilja/Library/Mobile%20Documents/com~apple~CloudDocs/Helper/backend/backend/docs/intent_combinations.csv
A38: calendar | B38: sum | C38: relative | D38: today_day | E38: info | F38: {} | G38: =A38&"|"&B38&"|"&C38&"|"&IF(D38="","(none)",D38) | H38: =--(C38="all") | I38: =--(C38="relative") | J38: =IF(AND(A38<>"",B38<>"",C38<>""),1,0) | K38: =COUNTIF($G$2:$G$496,G38) | L38: =IF(K38>1,1,0) | M38: file:///Users/sagalilja/Library/Mobile%20Documents/com~apple~CloudDocs/Helper/backend/backend/docs/intent_combinations.csv
A39: calendar | B39: sum | C39: relative | D39: today_afternoon | E39: info | F39: {} | G39: =A39&"|"&B39&"|"&C39&"|"&IF(D39="","(none)",D39) | H39: =--(C39="all") | I39: =--(C39="relative") | J39: =IF(AND(A39<>"",B39<>"",C39<>""),1,0) | K39: =COUNTIF($G$2:$G$496,G39) | L39: =IF(K39>1,1,0) | M39: file:///Users/sagalilja/Library/Mobile%20Documents/com~apple~CloudDocs/Helper/backend/backend/docs/intent_combinations.csv
A40: calendar | B40: sum | C40: relative | D40: today_evening | E40: info | F40: {} | G40: =A40&"|"&B40&"|"&C40&"|"&IF(D40="","(none)",D40) | H40: =--(C40="all") | I40: =--(C40="relative") | J40: =IF(AND(A40<>"",B40<>"",C40<>""),1,0) | K40: =COUNTIF($G$2:$G$496,G40) | L40: =IF(K40>1,1,0) | M40: file:///Users/sagalilja/Library/Mobile%20Documents/com~apple~CloudDocs/Helper/backend/backend/docs/intent_combinations.csv
A41: calendar | B41: sum | C41: relative | D41: tomorrow_morning | E41: info | F41: {} | G41: =A41&"|"&B41&"|"&C41&"|"&IF(D41="","(none)",D41) | H41: =--(C41="all") | I41: =--(C41="relative") | J41: =IF(AND(A41<>"",B41<>"",C41<>""),1,0) | K41: =COUNTIF($G$2:$G$496,G41) | L41: =IF(K41>1,1,0) | M41: file:///Users/sagalilja/Library/Mobile%20Documents/com~apple~CloudDocs/Helper/backend/backend/docs/intent_combinations.csv
A42: calendar | B42: sum | C42: relative | D42: 7d | E42: info | F42: {} | G42: =A42&"|"&B42&"|"&C42&"|"&IF(D42="","(none)",D42) | H42: =--(C42="all") | I42: =--(C42="relative") | J42: =IF(AND(A42<>"",B42<>"",C42<>""),1,0) | K42: =COUNTIF($G$2:$G$496,G42) | L42: =IF(K42>1,1,0) | M42: file:///Users/sagalilja/Library/Mobile%20Documents/com~apple~CloudDocs/Helper/backend/backend/docs/intent_combinations.csv
A43: calendar | B43: sum | C43: relative | D43: 30d | E43: info | F43: {} | G43: =A43&"|"&B43&"|"&C43&"|"&IF(D43="","(none)",D43) | H43: =--(C43="all") | I43: =--(C43="relative") | J43: =IF(AND(A43<>"",B43<>"",C43<>""),1,0) | K43: =COUNTIF($G$2:$G$496,G43) | L43: =IF(K43>1,1,0) | M43: file:///Users/sagalilja/Library/Mobile%20Documents/com~apple~CloudDocs/Helper/backend/backend/docs/intent_combinations.csv
A44: calendar | B44: sum | C44: relative | D44: 3m | E44: info | F44: {} | G44: =A44&"|"&B44&"|"&C44&"|"&IF(D44="","(none)",D44) | H44: =--(C44="all") | I44: =--(C44="relative") | J44: =IF(AND(A44<>"",B44<>"",C44<>""),1,0) | K44: =COUNTIF($G$2:$G$496,G44) | L44: =IF(K44>1,1,0) | M44: file:///Users/sagalilja/Library/Mobile%20Documents/com~apple~CloudDocs/Helper/backend/backend/docs/intent_combinations.csv
A45: calendar | B45: sum | C45: relative | D45: 1y | E45: info | F45: {} | G45: =A45&"|"&B45&"|"&C45&"|"&IF(D45="","(none)",D45) | H45: =--(C45="all") | I45: =--(C45="relative") | J45: =IF(AND(A45<>"",B45<>"",C45<>""),1,0) | K45: =COUNTIF($G$2:$G$496,G45) | L45: =IF(K45>1,1,0) | M45: file:///Users/sagalilja/Library/Mobile%20Documents/com~apple~CloudDocs/Helper/backend/backend/docs/intent_combinations.csv
A46: calendar | B46: latest | C46: all | E46: info | F46: {} | G46: =A46&"|"&B46&"|"&C46&"|"&IF(D46="","(none)",D46) | H46: =--(C46="all") | I46: =--(C46="relative") | J46: =IF(AND(A46<>"",B46<>"",C46<>""),1,0) | K46: =COUNTIF($G$2:$G$496,G46) | L46: =IF(K46>1,1,0) | M46: file:///Users/sagalilja/Library/Mobile%20Documents/com~apple~CloudDocs/Helper/backend/backend/docs/intent_combinations.csv
A47: calendar | B47: latest | C47: relative | D47: today | E47: info | F47: {} | G47: =A47&"|"&B47&"|"&C47&"|"&IF(D47="","(none)",D47) | H47: =--(C47="all") | I47: =--(C47="relative") | J47: =IF(AND(A47<>"",B47<>"",C47<>""),1,0) | K47: =COUNTIF($G$2:$G$496,G47) | L47: =IF(K47>1,1,0) | M47: file:///Users/sagalilja/Library/Mobile%20Documents/com~apple~CloudDocs/Helper/backend/backend/docs/intent_combinations.csv
A48: calendar | B48: latest | C48: relative | D48: today_morning | E48: info | F48: {} | G48: =A48&"|"&B48&"|"&C48&"|"&IF(D48="","(none)",D48) | H48: =--(C48="all") | I48: =--(C48="relative") | J48: =IF(AND(A48<>"",B48<>"",C48<>""),1,0) | K48: =COUNTIF($G$2:$G$496,G48) | L48: =IF(K48>1,1,0) | M48: file:///Users/sagalilja/Library/Mobile%20Documents/com~apple~CloudDocs/Helper/backend/backend/docs/intent_combinations.csv
A49: calendar | B49: latest | C49: relative | D49: today_day | E49: info | F49: {} | G49: =A49&"|"&B49&"|"&C49&"|"&IF(D49="","(none)",D49) | H49: =--(C49="all") | I49: =--(C49="relative") | J49: =IF(AND(A49<>"",B49<>"",C49<>""),1,0) | K49: =COUNTIF($G$2:$G$496,G49) | L49: =IF(K49>1,1,0) | M49: file:///Users/sagalilja/Library/Mobile%20Documents/com~apple~CloudDocs/Helper/backend/backend/docs/intent_combinations.csv
A50: calendar | B50: latest | C50: relative | D50: today_afternoon | E50: info | F50: {} | G50: =A50&"|"&B50&"|"&C50&"|"&IF(D50="","(none)",D50) | H50: =--(C50="all") | I50: =--(C50="relative") | J50: =IF(AND(A50<>"",B50<>"",C50<>""),1,0) | K50: =COUNTIF($G$2:$G$496,G50) | L50: =IF(K50>1,1,0) | M50: file:///Users/sagalilja/Library/Mobile%20Documents/com~apple~CloudDocs/Helper/backend/backend/docs/intent_combinations.csv
A51: calendar | B51: latest | C51: relative | D51: today_evening | E51: info | F51: {} | G51: =A51&"|"&B51&"|"&C51&"|"&IF(D51="","(none)",D51) | H51: =--(C51="all") | I51: =--(C51="relative") | J51: =IF(AND(A51<>"",B51<>"",C51<>""),1,0) | K51: =COUNTIF($G$2:$G$496,G51) | L51: =IF(K51>1,1,0) | M51: file:///Users/sagalilja/Library/Mobile%20Documents/com~apple~CloudDocs/Helper/backend/backend/docs/intent_combinations.csv
A52: calendar | B52: latest | C52: relative | D52: tomorrow_morning | E52: info | F52: {} | G52: =A52&"|"&B52&"|"&C52&"|"&IF(D52="","(none)",D52) | H52: =--(C52="all") | I52: =--(C52="relative") | J52: =IF(AND(A52<>"",B52<>"",C52<>""),1,0) | K52: =COUNTIF($G$2:$G$496,G52) | L52: =IF(K52>1,1,0) | M52: file:///Users/sagalilja/Library/Mobile%20Documents/com~apple~CloudDocs/Helper/backend/backend/docs/intent_combinations.csv
A53: calendar | B53: latest | C53: relative | D53: 7d | E53: info | F53: {} | G53: =A53&"|"&B53&"|"&C53&"|"&IF(D53="","(none)",D53) | H53: =--(C53="all") | I53: =--(C53="relative") | J53: =IF(AND(A53<>"",B53<>"",C53<>""),1,0) | K53: =COUNTIF($G$2:$G$496,G53) | L53: =IF(K53>1,1,0) | M53: file:///Users/sagalilja/Library/Mobile%20Documents/com~apple~CloudDocs/Helper/backend/backend/docs/intent_combinations.csv
A54: calendar | B54: latest | C54: relative | D54: 30d | E54: info | F54: {} | G54: =A54&"|"&B54&"|"&C54&"|"&IF(D54="","(none)",D54) | H54: =--(C54="all") | I54: =--(C54="relative") | J54: =IF(AND(A54<>"",B54<>"",C54<>""),1,0) | K54: =COUNTIF($G$2:$G$496,G54) | L54: =IF(K54>1,1,0) | M54: file:///Users/sagalilja/Library/Mobile%20Documents/com~apple~CloudDocs/Helper/backend/backend/docs/intent_combinations.csv
A55: calendar | B55: latest | C55: relative | D55: 3m | E55: info | F55: {} | G55: =A55&"|"&B55&"|"&C55&"|"&IF(D55="","(none)",D55) | H55: =--(C55="all") | I55: =--(C55="relative") | J55: =IF(AND(A55<>"",B55<>"",C55<>""),1,0) | K55: =COUNTIF($G$2:$G$496,G55) | L55: =IF(K55>1,1,0) | M55: file:///Users/sagalilja/Library/Mobile%20Documents/com~apple~CloudDocs/Helper/backend/backend/docs/intent_combinations.csv
A56: calendar | B56: latest | C56: relative | D56: 1y | E56: info | F56: {} | G56: =A56&"|"&B56&"|"&C56&"|"&IF(D56="","(none)",D56) | H56: =--(C56="all") | I56: =--(C56="relative") | J56: =IF(AND(A56<>"",B56<>"",C56<>""),1,0) | K56: =COUNTIF($G$2:$G$496,G56) | L56: =IF(K56>1,1,0) | M56: file:///Users/sagalilja/Library/Mobile%20Documents/com~apple~CloudDocs/Helper/backend/backend/docs/intent_combinations.csv
A57: reminders | B57: count | C57: all | E57: info | F57: {} | G57: =A57&"|"&B57&"|"&C57&"|"&IF(D57="","(none)",D57) | H57: =--(C57="all") | I57: =--(C57="relative") | J57: =IF(AND(A57<>"",B57<>"",C57<>""),1,0) | K57: =COUNTIF($G$2:$G$496,G57) | L57: =IF(K57>1,1,0) | M57: file:///Users/sagalilja/Library/Mobile%20Documents/com~apple~CloudDocs/Helper/backend/backend/docs/intent_combinations.csv
A58: reminders | B58: count | C58: relative | D58: today | E58: info | F58: {} | G58: =A58&"|"&B58&"|"&C58&"|"&IF(D58="","(none)",D58) | H58: =--(C58="all") | I58: =--(C58="relative") | J58: =IF(AND(A58<>"",B58<>"",C58<>""),1,0) | K58: =COUNTIF($G$2:$G$496,G58) | L58: =IF(K58>1,1,0) | M58: file:///Users/sagalilja/Library/Mobile%20Documents/com~apple~CloudDocs/Helper/backend/backend/docs/intent_combinations.csv
A59: reminders | B59: count | C59: relative | D59: today_morning | E59: info | F59: {} | G59: =A59&"|"&B59&"|"&C59&"|"&IF(D59="","(none)",D59) | H59: =--(C59="all") | I59: =--(C59="relative") | J59: =IF(AND(A59<>"",B59<>"",C59<>""),1,0) | K59: =COUNTIF($G$2:$G$496,G59) | L59: =IF(K59>1,1,0) | M59: file:///Users/sagalilja/Library/Mobile%20Documents/com~apple~CloudDocs/Helper/backend/backend/docs/intent_combinations.csv
A60: reminders | B60: count | C60: relative | D60: today_day | E60: info | F60: {} | G60: =A60&"|"&B60&"|"&C60&"|"&IF(D60="","(none)",D60) | H60: =--(C60="all") | I60: =--(C60="relative") | J60: =IF(AND(A60<>"",B60<>"",C60<>""),1,0) | K60: =COUNTIF($G$2:$G$496,G60) | L60: =IF(K60>1,1,0) | M60: file:///Users/sagalilja/Library/Mobile%20Documents/com~apple~CloudDocs/Helper/backend/backend/docs/intent_combinations.csv
A61: reminders | B61: count | C61: relative | D61: today_afternoon | E61: info | F61: {} | G61: =A61&"|"&B61&"|"&C61&"|"&IF(D61="","(none)",D61) | H61: =--(C61="all") | I61: =--(C61="relative") | J61: =IF(AND(A61<>"",B61<>"",C61<>""),1,0) | K61: =COUNTIF($G$2:$G$496,G61) | L61: =IF(K61>1,1,0) | M61: file:///Users/sagalilja/Library/Mobile%20Documents/com~apple~CloudDocs/Helper/backend/backend/docs/intent_combinations.csv
A62: reminders | B62: count | C62: relative | D62: today_evening | E62: info | F62: {} | G62: =A62&"|"&B62&"|"&C62&"|"&IF(D62="","(none)",D62) | H62: =--(C62="all") | I62: =--(C62="relative") | J62: =IF(AND(A62<>"",B62<>"",C62<>""),1,0) | K62: =COUNTIF($G$2:$G$496,G62) | L62: =IF(K62>1,1,0) | M62: file:///Users/sagalilja/Library/Mobile%20Documents/com~apple~CloudDocs/Helper/backend/backend/docs/intent_combinations.csv
A63: reminders | B63: count | C63: relative | D63: tomorrow_morning | E63: info | F63: {} | G63: =A63&"|"&B63&"|"&C63&"|"&IF(D63="","(none)",D63) | H63: =--(C63="all") | I63: =--(C63="relative") | J63: =IF(AND(A63<>"",B63<>"",C63<>""),1,0) | K63: =COUNTIF($G$2:$G$496,G63) | L63: =IF(K63>1,1,0) | M63: file:///Users/sagalilja/Library/Mobile%20Documents/com~apple~CloudDocs/Helper/backend/backend/docs/intent_combinations.csv
A64: reminders | B64: count | C64: relative | D64: 7d | E64: info | F64: {} | G64: =A64&"|"&B64&"|"&C64&"|"&IF(D64="","(none)",D64) | H64: =--(C64="all") | I64: =--(C64="relative") | J64: =IF(AND(A64<>"",B64<>"",C64<>""),1,0) | K64: =COUNTIF($G$2:$G$496,G64) | L64: =IF(K64>1,1,0) | M64: file:///Users/sagalilja/Library/Mobile%20Documents/com~apple~CloudDocs/Helper/backend/backend/docs/intent_combinations.csv
A65: reminders | B65: count | C65: relative | D65: 30d | E65: info | F65: {} | G65: =A65&"|"&B65&"|"&C65&"|"&IF(D65="","(none)",D65) | H65: =--(C65="all") | I65: =--(C65="relative") | J65: =IF(AND(A65<>"",B65<>"",C65<>""),1,0) | K65: =COUNTIF($G$2:$G$496,G65) | L65: =IF(K65>1,1,0) | M65: file:///Users/sagalilja/Library/Mobile%20Documents/com~apple~CloudDocs/Helper/backend/backend/docs/intent_combinations.csv
A66: reminders | B66: count | C66: relative | D66: 3m | E66: info | F66: {} | G66: =A66&"|"&B66&"|"&C66&"|"&IF(D66="","(none)",D66) | H66: =--(C66="all") | I66: =--(C66="relative") | J66: =IF(AND(A66<>"",B66<>"",C66<>""),1,0) | K66: =COUNTIF($G$2:$G$496,G66) | L66: =IF(K66>1,1,0) | M66: file:///Users/sagalilja/Library/Mobile%20Documents/com~apple~CloudDocs/Helper/backend/backend/docs/intent_combinations.csv
A67: reminders | B67: count | C67: relative | D67: 1y | E67: info | F67: {} | G67: =A67&"|"&B67&"|"&C67&"|"&IF(D67="","(none)",D67) | H67: =--(C67="all") | I67: =--(C67="relative") | J67: =IF(AND(A67<>"",B67<>"",C67<>""),1,0) | K67: =COUNTIF($G$2:$G$496,G67) | L67: =IF(K67>1,1,0) | M67: file:///Users/sagalilja/Library/Mobile%20Documents/com~apple~CloudDocs/Helper/backend/backend/docs/intent_combinations.csv
A68: reminders | B68: list | C68: all | E68: info | F68: {} | G68: =A68&"|"&B68&"|"&C68&"|"&IF(D68="","(none)",D68) | H68: =--(C68="all") | I68: =--(C68="relative") | J68: =IF(AND(A68<>"",B68<>"",C68<>""),1,0) | K68: =COUNTIF($G$2:$G$496,G68) | L68: =IF(K68>1,1,0) | M68: file:///Users/sagalilja/Library/Mobile%20Documents/com~apple~CloudDocs/Helper/backend/backend/docs/intent_combinations.csv
A69: reminders | B69: list | C69: relative | D69: today | E69: info | F69: {} | G69: =A69&"|"&B69&"|"&C69&"|"&IF(D69="","(none)",D69) | H69: =--(C69="all") | I69: =--(C69="relative") | J69: =IF(AND(A69<>"",B69<>"",C69<>""),1,0) | K69: =COUNTIF($G$2:$G$496,G69) | L69: =IF(K69>1,1,0) | M69: file:///Users/sagalilja/Library/Mobile%20Documents/com~apple~CloudDocs/Helper/backend/backend/docs/intent_combinations.csv
A70: reminders | B70: list | C70: relative | D70: today_morning | E70: info | F70: {} | G70: =A70&"|"&B70&"|"&C70&"|"&IF(D70="","(none)",D70) | H70: =--(C70="all") | I70: =--(C70="relative") | J70: =IF(AND(A70<>"",B70<>"",C70<>""),1,0) | K70: =COUNTIF($G$2:$G$496,G70) | L70: =IF(K70>1,1,0) | M70: file:///Users/sagalilja/Library/Mobile%20Documents/com~apple~CloudDocs/Helper/backend/backend/docs/intent_combinations.csv
A71: reminders | B71: list | C71: relative | D71: today_day | E71: info | F71: {} | G71: =A71&"|"&B71&"|"&C71&"|"&IF(D71="","(none)",D71) | H71: =--(C71="all") | I71: =--(C71="relative") | J71: =IF(AND(A71<>"",B71<>"",C71<>""),1,0) | K71: =COUNTIF($G$2:$G$496,G71) | L71: =IF(K71>1,1,0) | M71: file:///Users/sagalilja/Library/Mobile%20Documents/com~apple~CloudDocs/Helper/backend/backend/docs/intent_combinations.csv
A72: reminders | B72: list | C72: relative | D72: today_afternoon | E72: info | F72: {} | G72: =A72&"|"&B72&"|"&C72&"|"&IF(D72="","(none)",D72) | H72: =--(C72="all") | I72: =--(C72="relative") | J72: =IF(AND(A72<>"",B72<>"",C72<>""),1,0) | K72: =COUNTIF($G$2:$G$496,G72) | L72: =IF(K72>1,1,0) | M72: file:///Users/sagalilja/Library/Mobile%20Documents/com~apple~CloudDocs/Helper/backend/backend/docs/intent_combinations.csv
A73: reminders | B73: list | C73: relative | D73: today_evening | E73: info | F73: {} | G73: =A73&"|"&B73&"|"&C73&"|"&IF(D73="","(none)",D73) | H73: =--(C73="all") | I73: =--(C73="relative") | J73: =IF(AND(A73<>"",B73<>"",C73<>""),1,0) | K73: =COUNTIF($G$2:$G$496,G73) | L73: =IF(K73>1,1,0) | M73: file:///Users/sagalilja/Library/Mobile%20Documents/com~apple~CloudDocs/Helper/backend/backend/docs/intent_combinations.csv
A74: reminders | B74: list | C74: relative | D74: tomorrow_morning | E74: info | F74: {} | G74: =A74&"|"&B74&"|"&C74&"|"&IF(D74="","(none)",D74) | H74: =--(C74="all") | I74: =--(C74="relative") | J74: =IF(AND(A74<>"",B74<>"",C74<>""),1,0) | K74: =COUNTIF($G$2:$G$496,G74) | L74: =IF(K74>1,1,0) | M74: file:///Users/sagalilja/Library/Mobile%20Documents/com~apple~CloudDocs/Helper/backend/backend/docs/intent_combinations.csv
A75: reminders | B75: list | C75: relative | D75: 7d | E75: info | F75: {} | G75: =A75&"|"&B75&"|"&C75&"|"&IF(D75="","(none)",D75) | H75: =--(C75="all") | I75: =--(C75="relative") | J75: =IF(AND(A75<>"",B75<>"",C75<>""),1,0) | K75: =COUNTIF($G$2:$G$496,G75) | L75: =IF(K75>1,1,0) | M75: file:///Users/sagalilja/Library/Mobile%20Documents/com~apple~CloudDocs/Helper/backend/backend/docs/intent_combinations.csv
A76: reminders | B76: list | C76: relative | D76: 30d | E76: info | F76: {} | G76: =A76&"|"&B76&"|"&C76&"|"&IF(D76="","(none)",D76) | H76: =--(C76="all") | I76: =--(C76="relative") | J76: =IF(AND(A76<>"",B76<>"",C76<>""),1,0) | K76: =COUNTIF($G$2:$G$496,G76) | L76: =IF(K76>1,1,0) | M76: file:///Users/sagalilja/Library/Mobile%20Documents/com~apple~CloudDocs/Helper/backend/backend/docs/intent_combinations.csv
A77: reminders | B77: list | C77: relative | D77: 3m | E77: info | F77: {} | G77: =A77&"|"&B77&"|"&C77&"|"&IF(D77="","(none)",D77) | H77: =--(C77="all") | I77: =--(C77="relative") | J77: =IF(AND(A77<>"",B77<>"",C77<>""),1,0) | K77: =COUNTIF($G$2:$G$496,G77) | L77: =IF(K77>1,1,0) | M77: file:///Users/sagalilja/Library/Mobile%20Documents/com~apple~CloudDocs/Helper/backend/backend/docs/intent_combinations.csv
A78: reminders | B78: list | C78: relative | D78: 1y | E78: info | F78: {} | G78: =A78&"|"&B78&"|"&C78&"|"&IF(D78="","(none)",D78) | H78: =--(C78="all") | I78: =--(C78="relative") | J78: =IF(AND(A78<>"",B78<>"",C78<>""),1,0) | K78: =COUNTIF($G$2:$G$496,G78) | L78: =IF(K78>1,1,0) | M78: file:///Users/sagalilja/Library/Mobile%20Documents/com~apple~CloudDocs/Helper/backend/backend/docs/intent_combinations.csv
A79: reminders | B79: exists | C79: all | E79: info | F79: {} | G79: =A79&"|"&B79&"|"&C79&"|"&IF(D79="","(none)",D79) | H79: =--(C79="all") | I79: =--(C79="relative") | J79: =IF(AND(A79<>"",B79<>"",C79<>""),1,0) | K79: =COUNTIF($G$2:$G$496,G79) | L79: =IF(K79>1,1,0) | M79: file:///Users/sagalilja/Library/Mobile%20Documents/com~apple~CloudDocs/Helper/backend/backend/docs/intent_combinations.csv
A80: reminders | B80: exists | C80: relative | D80: today | E80: info | F80: {} | G80: =A80&"|"&B80&"|"&C80&"|"&IF(D80="","(none)",D80) | H80: =--(C80="all") | I80: =--(C80="relative") | J80: =IF(AND(A80<>"",B80<>"",C80<>""),1,0) | K80: =COUNTIF($G$2:$G$496,G80) | L80: =IF(K80>1,1,0) | M80: file:///Users/sagalilja/Library/Mobile%20Documents/com~apple~CloudDocs/Helper/backend/backend/docs/intent_combinations.csv
A81: reminders | B81: exists | C81: relative | D81: today_morning | E81: info | F81: {} | G81: =A81&"|"&B81&"|"&C81&"|"&IF(D81="","(none)",D81) | H81: =--(C81="all") | I81: =--(C81="relative") | J81: =IF(AND(A81<>"",B81<>"",C81<>""),1,0) | K81: =COUNTIF($G$2:$G$496,G81) | L81: =IF(K81>1,1,0) | M81: file:///Users/sagalilja/Library/Mobile%20Documents/com~apple~CloudDocs/Helper/backend/backend/docs/intent_combinations.csv
A82: reminders | B82: exists | C82: relative | D82: today_day | E82: info | F82: {} | G82: =A82&"|"&B82&"|"&C82&"|"&IF(D82="","(none)",D82) | H82: =--(C82="all") | I82: =--(C82="relative") | J82: =IF(AND(A82<>"",B82<>"",C82<>""),1,0) | K82: =COUNTIF($G$2:$G$496,G82) | L82: =IF(K82>1,1,0) | M82: file:///Users/sagalilja/Library/Mobile%20Documents/com~apple~CloudDocs/Helper/backend/backend/docs/intent_combinations.csv
A83: reminders | B83: exists | C83: relative | D83: today_afternoon | E83: info | F83: {} | G83: =A83&"|"&B83&"|"&C83&"|"&IF(D83="","(none)",D83) | H83: =--(C83="all") | I83: =--(C83="relative") | J83: =IF(AND(A83<>"",B83<>"",C83<>""),1,0) | K83: =COUNTIF($G$2:$G$496,G83) | L83: =IF(K83>1,1,0) | M83: file:///Users/sagalilja/Library/Mobile%20Documents/com~apple~CloudDocs/Helper/backend/backend/docs/intent_combinations.csv
A84: reminders | B84: exists | C84: relative | D84: today_evening | E84: info | F84: {} | G84: =A84&"|"&B84&"|"&C84&"|"&IF(D84="","(none)",D84) | H84: =--(C84="all") | I84: =--(C84="relative") | J84: =IF(AND(A84<>"",B84<>"",C84<>""),1,0) | K84: =COUNTIF($G$2:$G$496,G84) | L84: =IF(K84>1,1,0) | M84: file:///Users/sagalilja/Library/Mobile%20Documents/com~apple~CloudDocs/Helper/backend/backend/docs/intent_combinations.csv
A85: reminders | B85: exists | C85: relative | D85: tomorrow_morning | E85: info | F85: {} | G85: =A85&"|"&B85&"|"&C85&"|"&IF(D85="","(none)",D85) | H85: =--(C85="all") | I85: =--(C85="relative") | J85: =IF(AND(A85<>"",B85<>"",C85<>""),1,0) | K85: =COUNTIF($G$2:$G$496,G85) | L85: =IF(K85>1,1,0) | M85: file:///Users/sagalilja/Library/Mobile%20Documents/com~apple~CloudDocs/Helper/backend/backend/docs/intent_combinations.csv
A86: reminders | B86: exists | C86: relative | D86: 7d | E86: info | F86: {} | G86: =A86&"|"&B86&"|"&C86&"|"&IF(D86="","(none)",D86) | H86: =--(C86="all") | I86: =--(C86="relative") | J86: =IF(AND(A86<>"",B86<>"",C86<>""),1,0) | K86: =COUNTIF($G$2:$G$496,G86) | L86: =IF(K86>1,1,0) | M86: file:///Users/sagalilja/Library/Mobile%20Documents/com~apple~CloudDocs/Helper/backend/backend/docs/intent_combinations.csv
A87: reminders | B87: exists | C87: relative | D87: 30d | E87: info | F87: {} | G87: =A87&"|"&B87&"|"&C87&"|"&IF(D87="","(none)",D87) | H87: =--(C87="all") | I87: =--(C87="relative") | J87: =IF(AND(A87<>"",B87<>"",C87<>""),1,0) | K87: =COUNTIF($G$2:$G$496,G87) | L87: =IF(K87>1,1,0) | M87: file:///Users/sagalilja/Library/Mobile%20Documents/com~apple~CloudDocs/Helper/backend/backend/docs/intent_combinations.csv
A88: reminders | B88: exists | C88: relative | D88: 3m | E88: info | F88: {} | G88: =A88&"|"&B88&"|"&C88&"|"&IF(D88="","(none)",D88) | H88: =--(C88="all") | I88: =--(C88="relative") | J88: =IF(AND(A88<>"",B88<>"",C88<>""),1,0) | K88: =COUNTIF($G$2:$G$496,G88) | L88: =IF(K88>1,1,0) | M88: file:///Users/sagalilja/Library/Mobile%20Documents/com~apple~CloudDocs/Helper/backend/backend/docs/intent_combinations.csv
A89: reminders | B89: exists | C89: relative | D89: 1y | E89: info | F89: {} | G89: =A89&"|"&B89&"|"&C89&"|"&IF(D89="","(none)",D89) | H89: =--(C89="all") | I89: =--(C89="relative") | J89: =IF(AND(A89<>"",B89<>"",C89<>""),1,0) | K89: =COUNTIF($G$2:$G$496,G89) | L89: =IF(K89>1,1,0) | M89: file:///Users/sagalilja/Library/Mobile%20Documents/com~apple~CloudDocs/Helper/backend/backend/docs/intent_combinations.csv
A90: reminders | B90: sum | C90: all | E90: info | F90: {} | G90: =A90&"|"&B90&"|"&C90&"|"&IF(D90="","(none)",D90) | H90: =--(C90="all") | I90: =--(C90="relative") | J90: =IF(AND(A90<>"",B90<>"",C90<>""),1,0) | K90: =COUNTIF($G$2:$G$496,G90) | L90: =IF(K90>1,1,0) | M90: file:///Users/sagalilja/Library/Mobile%20Documents/com~apple~CloudDocs/Helper/backend/backend/docs/intent_combinations.csv
A91: reminders | B91: sum | C91: relative | D91: today | E91: info | F91: {} | G91: =A91&"|"&B91&"|"&C91&"|"&IF(D91="","(none)",D91) | H91: =--(C91="all") | I91: =--(C91="relative") | J91: =IF(AND(A91<>"",B91<>"",C91<>""),1,0) | K91: =COUNTIF($G$2:$G$496,G91) | L91: =IF(K91>1,1,0) | M91: file:///Users/sagalilja/Library/Mobile%20Documents/com~apple~CloudDocs/Helper/backend/backend/docs/intent_combinations.csv
A92: reminders | B92: sum | C92: relative | D92: today_morning | E92: info | F92: {} | G92: =A92&"|"&B92&"|"&C92&"|"&IF(D92="","(none)",D92) | H92: =--(C92="all") | I92: =--(C92="relative") | J92: =IF(AND(A92<>"",B92<>"",C92<>""),1,0) | K92: =COUNTIF($G$2:$G$496,G92) | L92: =IF(K92>1,1,0) | M92: file:///Users/sagalilja/Library/Mobile%20Documents/com~apple~CloudDocs/Helper/backend/backend/docs/intent_combinations.csv
A93: reminders | B93: sum | C93: relative | D93: today_day | E93: info | F93: {} | G93: =A93&"|"&B93&"|"&C93&"|"&IF(D93="","(none)",D93) | H93: =--(C93="all") | I93: =--(C93="relative") | J93: =IF(AND(A93<>"",B93<>"",C93<>""),1,0) | K93: =COUNTIF($G$2:$G$496,G93) | L93: =IF(K93>1,1,0) | M93: file:///Users/sagalilja/Library/Mobile%20Documents/com~apple~CloudDocs/Helper/backend/backend/docs/intent_combinations.csv
A94: reminders | B94: sum | C94: relative | D94: today_afternoon | E94: info | F94: {} | G94: =A94&"|"&B94&"|"&C94&"|"&IF(D94="","(none)",D94) | H94: =--(C94="all") | I94: =--(C94="relative") | J94: =IF(AND(A94<>"",B94<>"",C94<>""),1,0) | K94: =COUNTIF($G$2:$G$496,G94) | L94: =IF(K94>1,1,0) | M94: file:///Users/sagalilja/Library/Mobile%20Documents/com~apple~CloudDocs/Helper/backend/backend/docs/intent_combinations.csv
A95: reminders | B95: sum | C95: relative | D95: today_evening | E95: info | F95: {} | G95: =A95&"|"&B95&"|"&C95&"|"&IF(D95="","(none)",D95) | H95: =--(C95="all") | I95: =--(C95="relative") | J95: =IF(AND(A95<>"",B95<>"",C95<>""),1,0) | K95: =COUNTIF($G$2:$G$496,G95) | L95: =IF(K95>1,1,0) | M95: file:///Users/sagalilja/Library/Mobile%20Documents/com~apple~CloudDocs/Helper/backend/backend/docs/intent_combinations.csv
A96: reminders | B96: sum | C96: relative | D96: tomorrow_morning | E96: info | F96: {} | G96: =A96&"|"&B96&"|"&C96&"|"&IF(D96="","(none)",D96) | H96: =--(C96="all") | I96: =--(C96="relative") | J96: =IF(AND(A96<>"",B96<>"",C96<>""),1,0) | K96: =COUNTIF($G$2:$G$496,G96) | L96: =IF(K96>1,1,0) | M96: file:///Users/sagalilja/Library/Mobile%20Documents/com~apple~CloudDocs/Helper/backend/backend/docs/intent_combinations.csv
A97: reminders | B97: sum | C97: relative | D97: 7d | E97: info | F97: {} | G97: =A97&"|"&B97&"|"&C97&"|"&IF(D97="","(none)",D97) | H97: =--(C97="all") | I97: =--(C97="relative") | J97: =IF(AND(A97<>"",B97<>"",C97<>""),1,0) | K97: =COUNTIF($G$2:$G$496,G97) | L97: =IF(K97>1,1,0) | M97: file:///Users/sagalilja/Library/Mobile%20Documents/com~apple~CloudDocs/Helper/backend/backend/docs/intent_combinations.csv
A98: reminders | B98: sum | C98: relative | D98: 30d | E98: info | F98: {} | G98: =A98&"|"&B98&"|"&C98&"|"&IF(D98="","(none)",D98) | H98: =--(C98="all") | I98: =--(C98="relative") | J98: =IF(AND(A98<>"",B98<>"",C98<>""),1,0) | K98: =COUNTIF($G$2:$G$496,G98) | L98: =IF(K98>1,1,0) | M98: file:///Users/sagalilja/Library/Mobile%20Documents/com~apple~CloudDocs/Helper/backend/backend/docs/intent_combinations.csv
A99: reminders | B99: sum | C99: relative | D99: 3m | E99: info | F99: {} | G99: =A99&"|"&B99&"|"&C99&"|"&IF(D99="","(none)",D99) | H99: =--(C99="all") | I99: =--(C99="relative") | J99: =IF(AND(A99<>"",B99<>"",C99<>""),1,0) | K99: =COUNTIF($G$2:$G$496,G99) | L99: =IF(K99>1,1,0) | M99: file:///Users/sagalilja/Library/Mobile%20Documents/com~apple~CloudDocs/Helper/backend/backend/docs/intent_combinations.csv
A100: reminders | B100: sum | C100: relative | D100: 1y | E100: info | F100: {} | G100: =A100&"|"&B100&"|"&C100&"|"&IF(D100="","(none)",D100) | H100: =--(C100="all") | I100: =--(C100="relative") | J100: =IF(AND(A100<>"",B100<>"",C100<>""),1,0) | K100: =COUNTIF($G$2:$G$496,G100) | L100: =IF(K100>1,1,0) | M100: file:///Users/sagalilja/Library/Mobile%20Documents/com~apple~CloudDocs/Helper/backend/backend/docs/intent_combinations.csv
...

Sheet Summary
A1: Intent Combination Coverage Tracker
A3: Model Inputs
A4: Domain count | B4: 9
A5: Operation count | B5: 5
A6: Time buckets per domain+operation | B6: 11
A8: Validation
A9: Expected total combinations | B9: =B4*B5*B6
A10: Actual combinations (rows) | B10: =COUNTA(IntentCombinations!$A:$A)-1
A11: Duplicate combinations | B11: =SUM(IntentCombinations!$L$2:$L$496)
A12: Coverage status | B12: =IF(AND(B9=B10,B11=0),"OK","CHECK")
A14: Domain \ Operation | B14: count | C14: list | D14: exists | E14: sum | F14: latest | G14: Row Total | H14: Expected | I14: Variance
A15: calendar | B15: =COUNTIFS(IntentCombinations!$A:$A,$A15,IntentCombinations!$B:$B,B$14) | C15: =COUNTIFS(IntentCombinations!$A:$A,$A15,IntentCombinations!$B:$B,C$14) | D15: =COUNTIFS(IntentCombinations!$A:$A,$A15,IntentCombinations!$B:$B,D$14) | E15: =COUNTIFS(IntentCombinations!$A:$A,$A15,IntentCombinations!$B:$B,E$14) | F15: =COUNTIFS(IntentCombinations!$A:$A,$A15,IntentCombinations!$B:$B,F$14) | G15: =SUM(B15:F15) | H15: =$B$6*COUNTA(B14:F14) | I15: =G15-H15
A16: reminders | B16: =COUNTIFS(IntentCombinations!$A:$A,$A16,IntentCombinations!$B:$B,B$14) | C16: =COUNTIFS(IntentCombinations!$A:$A,$A16,IntentCombinations!$B:$B,C$14) | D16: =COUNTIFS(IntentCombinations!$A:$A,$A16,IntentCombinations!$B:$B,D$14) | E16: =COUNTIFS(IntentCombinations!$A:$A,$A16,IntentCombinations!$B:$B,E$14) | F16: =COUNTIFS(IntentCombinations!$A:$A,$A16,IntentCombinations!$B:$B,F$14) | G16: =SUM(B16:F16) | H16: =$B$6*COUNTA(B14:F14) | I16: =G16-H16
A17: mail | B17: =COUNTIFS(IntentCombinations!$A:$A,$A17,IntentCombinations!$B:$B,B$14) | C17: =COUNTIFS(IntentCombinations!$A:$A,$A17,IntentCombinations!$B:$B,C$14) | D17: =COUNTIFS(IntentCombinations!$A:$A,$A17,IntentCombinations!$B:$B,D$14) | E17: =COUNTIFS(IntentCombinations!$A:$A,$A17,IntentCombinations!$B:$B,E$14) | F17: =COUNTIFS(IntentCombinations!$A:$A,$A17,IntentCombinations!$B:$B,F$14) | G17: =SUM(B17:F17) | H17: =$B$6*COUNTA(B14:F14) | I17: =G17-H17
A18: notes | B18: =COUNTIFS(IntentCombinations!$A:$A,$A18,IntentCombinations!$B:$B,B$14) | C18: =COUNTIFS(IntentCombinations!$A:$A,$A18,IntentCombinations!$B:$B,C$14) | D18: =COUNTIFS(IntentCombinations!$A:$A,$A18,IntentCombinations!$B:$B,D$14) | E18: =COUNTIFS(IntentCombinations!$A:$A,$A18,IntentCombinations!$B:$B,E$14) | F18: =COUNTIFS(IntentCombinations!$A:$A,$A18,IntentCombinations!$B:$B,F$14) | G18: =SUM(B18:F18) | H18: =$B$6*COUNTA(B14:F14) | I18: =G18-H18
A19: files | B19: =COUNTIFS(IntentCombinations!$A:$A,$A19,IntentCombinations!$B:$B,B$14) | C19: =COUNTIFS(IntentCombinations!$A:$A,$A19,IntentCombinations!$B:$B,C$14) | D19: =COUNTIFS(IntentCombinations!$A:$A,$A19,IntentCombinations!$B:$B,D$14) | E19: =COUNTIFS(IntentCombinations!$A:$A,$A19,IntentCombinations!$B:$B,E$14) | F19: =COUNTIFS(IntentCombinations!$A:$A,$A19,IntentCombinations!$B:$B,F$14) | G19: =SUM(B19:F19) | H19: =$B$6*COUNTA(B14:F14) | I19: =G19-H19
A20: photos | B20: =COUNTIFS(IntentCombinations!$A:$A,$A20,IntentCombinations!$B:$B,B$14) | C20: =COUNTIFS(IntentCombinations!$A:$A,$A20,IntentCombinations!$B:$B,C$14) | D20: =COUNTIFS(IntentCombinations!$A:$A,$A20,IntentCombinations!$B:$B,D$14) | E20: =COUNTIFS(IntentCombinations!$A:$A,$A20,IntentCombinations!$B:$B,E$14) | F20: =COUNTIFS(IntentCombinations!$A:$A,$A20,IntentCombinations!$B:$B,F$14) | G20: =SUM(B20:F20) | H20: =$B$6*COUNTA(B14:F14) | I20: =G20-H20
A21: contacts | B21: =COUNTIFS(IntentCombinations!$A:$A,$A21,IntentCombinations!$B:$B,B$14) | C21: =COUNTIFS(IntentCombinations!$A:$A,$A21,IntentCombinations!$B:$B,C$14) | D21: =COUNTIFS(IntentCombinations!$A:$A,$A21,IntentCombinations!$B:$B,D$14) | E21: =COUNTIFS(IntentCombinations!$A:$A,$A21,IntentCombinations!$B:$B,E$14) | F21: =COUNTIFS(IntentCombinations!$A:$A,$A21,IntentCombinations!$B:$B,F$14) | G21: =SUM(B21:F21) | H21: =$B$6*COUNTA(B14:F14) | I21: =G21-H21
A22: location | B22: =COUNTIFS(IntentCombinations!$A:$A,$A22,IntentCombinations!$B:$B,B$14) | C22: =COUNTIFS(IntentCombinations!$A:$A,$A22,IntentCombinations!$B:$B,C$14) | D22: =COUNTIFS(IntentCombinations!$A:$A,$A22,IntentCombinations!$B:$B,D$14) | E22: =COUNTIFS(IntentCombinations!$A:$A,$A22,IntentCombinations!$B:$B,E$14) | F22: =COUNTIFS(IntentCombinations!$A:$A,$A22,IntentCombinations!$B:$B,F$14) | G22: =SUM(B22:F22) | H22: =$B$6*COUNTA(B14:F14) | I22: =G22-H22
A23: memory | B23: =COUNTIFS(IntentCombinations!$A:$A,$A23,IntentCombinations!$B:$B,B$14) | C23: =COUNTIFS(IntentCombinations!$A:$A,$A23,IntentCombinations!$B:$B,C$14) | D23: =COUNTIFS(IntentCombinations!$A:$A,$A23,IntentCombinations!$B:$B,D$14) | E23: =COUNTIFS(IntentCombinations!$A:$A,$A23,IntentCombinations!$B:$B,E$14) | F23: =COUNTIFS(IntentCombinations!$A:$A,$A23,IntentCombinations!$B:$B,F$14) | G23: =SUM(B23:F23) | H23: =$B$6*COUNTA(B14:F14) | I23: =G23-H23
A24: Column Total | B24: =SUM(B15:B23) | C24: =SUM(C15:C23) | D24: =SUM(D15:D23) | E24: =SUM(E15:E23) | F24: =SUM(F15:F23) | G24: =SUM(G15:G23) | H24: =$B$9 | I24: =G24-H24

Sheet Sources
A1: source_name | B1: url | C1: notes
A2: Domain/operation source | B2: file:///Users/sagalilja/Library/Mobile%20Documents/com~apple~CloudDocs/Helper/backend/docs/domain_operation_table.csv | C2: Base domain-operation coverage
A3: Intent combinations source | B3: file:///Users/sagalilja/Library/Mobile%20Documents/com~apple~CloudDocs/Helper/backend/backend/docs/intent_combinations.csv | C3: Full domain-operation-time combinations
A4: Workbook generated_at_utc | B4: 2026-02-21T23:24:52+00:00 | C4: Generation timestamp
